Businesses	Source
plumber	C:\Users\Thom\Documents\sixth form\Computer science\Thom Johnson NEA\NEA\C#\UI\Business_Types\plumber\Plumber002.png
plumber	C:\Users\Thom\Documents\sixth form\Computer science\Thom Johnson NEA\NEA\C#\UI\Business_Types\plumber\Plumber006.png
plumber	C:\Users\Thom\Documents\sixth form\Computer science\Thom Johnson NEA\NEA\C#\UI\Business_Types\plumber\Plumber007.png
plumber	C:\Users\Thom\Documents\sixth form\Computer science\Thom Johnson NEA\NEA\C#\UI\Business_Types\plumber\Plumber008.png
plumber	C:\Users\Thom\Documents\sixth form\Computer science\Thom Johnson NEA\NEA\C#\UI\Business_Types\plumber\Plumber009.png
plumber	C:\Users\Thom\Documents\sixth form\Computer science\Thom Johnson NEA\NEA\C#\UI\Business_Types\plumber\Plumber017.png
plumber	C:\Users\Thom\Documents\sixth form\Computer science\Thom Johnson NEA\NEA\C#\UI\Business_Types\plumber\Plumber025.png
plumber	C:\Users\Thom\Documents\sixth form\Computer science\Thom Johnson NEA\NEA\C#\UI\Business_Types\plumber\Plumber026.png
plumber	C:\Users\Thom\Documents\sixth form\Computer science\Thom Johnson NEA\NEA\C#\UI\Business_Types\plumber\Plumber028.png
plumber	C:\Users\Thom\Documents\sixth form\Computer science\Thom Johnson NEA\NEA\C#\UI\Business_Types\plumber\Plumber030.png
plumber	C:\Users\Thom\Documents\sixth form\Computer science\Thom Johnson NEA\NEA\C#\UI\Business_Types\plumber\Plumber031.png
plumber	C:\Users\Thom\Documents\sixth form\Computer science\Thom Johnson NEA\NEA\C#\UI\Business_Types\plumber\Plumber038.png
plumber	C:\Users\Thom\Documents\sixth form\Computer science\Thom Johnson NEA\NEA\C#\UI\Business_Types\plumber\Plumber045.png
plumber	C:\Users\Thom\Documents\sixth form\Computer science\Thom Johnson NEA\NEA\C#\UI\Business_Types\plumber\Plumber048.png
plumber	C:\Users\Thom\Documents\sixth form\Computer science\Thom Johnson NEA\NEA\C#\UI\Business_Types\plumber\Plumber049.png
plumber	C:\Users\Thom\Documents\sixth form\Computer science\Thom Johnson NEA\NEA\C#\UI\Business_Types\plumber\Plumber050.png
plumber	C:\Users\Thom\Documents\sixth form\Computer science\Thom Johnson NEA\NEA\C#\UI\Business_Types\plumber\Plumber052.png
plumber	C:\Users\Thom\Documents\sixth form\Computer science\Thom Johnson NEA\NEA\C#\UI\Business_Types\plumber\Plumber055.png
plumber	C:\Users\Thom\Documents\sixth form\Computer science\Thom Johnson NEA\NEA\C#\UI\Business_Types\plumber\Plumber057.png
plumber	C:\Users\Thom\Documents\sixth form\Computer science\Thom Johnson NEA\NEA\C#\UI\Business_Types\plumber\Plumber060.png
plumber	C:\Users\Thom\Documents\sixth form\Computer science\Thom Johnson NEA\NEA\C#\UI\Business_Types\plumber\Plumber062.png
plumber	C:\Users\Thom\Documents\sixth form\Computer science\Thom Johnson NEA\NEA\C#\UI\Business_Types\plumber\Plumber064.png
plumber	C:\Users\Thom\Documents\sixth form\Computer science\Thom Johnson NEA\NEA\C#\UI\Business_Types\plumber\Plumber066.png
plumber	C:\Users\Thom\Documents\sixth form\Computer science\Thom Johnson NEA\NEA\C#\UI\Business_Types\plumber\Plumber068.png
plumber	C:\Users\Thom\Documents\sixth form\Computer science\Thom Johnson NEA\NEA\C#\UI\Business_Types\plumber\Plumber073.png
plumber	C:\Users\Thom\Documents\sixth form\Computer science\Thom Johnson NEA\NEA\C#\UI\Business_Types\plumber\Plumber075.png
plumber	C:\Users\Thom\Documents\sixth form\Computer science\Thom Johnson NEA\NEA\C#\UI\Business_Types\plumber\Plumber076.png
plumber	C:\Users\Thom\Documents\sixth form\Computer science\Thom Johnson NEA\NEA\C#\UI\Business_Types\plumber\Plumber084.png
plumber	C:\Users\Thom\Documents\sixth form\Computer science\Thom Johnson NEA\NEA\C#\UI\Business_Types\plumber\Plumber086.png
plumber	C:\Users\Thom\Documents\sixth form\Computer science\Thom Johnson NEA\NEA\C#\UI\Business_Types\plumber\Plumber088.png
plumber	C:\Users\Thom\Documents\sixth form\Computer science\Thom Johnson NEA\NEA\C#\UI\Business_Types\plumber\Plumber099.png
plumber	C:\Users\Thom\Documents\sixth form\Computer science\Thom Johnson NEA\NEA\C#\UI\Business_Types\plumber\Plumber100.png
plumber	C:\Users\Thom\Documents\sixth form\Computer science\Thom Johnson NEA\NEA\C#\UI\Business_Types\plumber\Plumber101.png
plumber	C:\Users\Thom\Documents\sixth form\Computer science\Thom Johnson NEA\NEA\C#\UI\Business_Types\plumber\Plumber102.png
Taxi	C:\Users\Thom\Documents\sixth form\Computer science\Thom Johnson NEA\NEA\C#\UI\Business_Types\Taxi\Taxi05.png
Taxi	C:\Users\Thom\Documents\sixth form\Computer science\Thom Johnson NEA\NEA\C#\UI\Business_Types\Taxi\Taxi06.png
Taxi	C:\Users\Thom\Documents\sixth form\Computer science\Thom Johnson NEA\NEA\C#\UI\Business_Types\Taxi\Taxi10.png
Taxi	C:\Users\Thom\Documents\sixth form\Computer science\Thom Johnson NEA\NEA\C#\UI\Business_Types\Taxi\Taxi12.png
Taxi	C:\Users\Thom\Documents\sixth form\Computer science\Thom Johnson NEA\NEA\C#\UI\Business_Types\Taxi\Taxi18.png
Taxi	C:\Users\Thom\Documents\sixth form\Computer science\Thom Johnson NEA\NEA\C#\UI\Business_Types\Taxi\Taxi19.png
Taxi	C:\Users\Thom\Documents\sixth form\Computer science\Thom Johnson NEA\NEA\C#\UI\Business_Types\Taxi\Taxi23.png
Taxi	C:\Users\Thom\Documents\sixth form\Computer science\Thom Johnson NEA\NEA\C#\UI\Business_Types\Taxi\Taxi27.png
Taxi	C:\Users\Thom\Documents\sixth form\Computer science\Thom Johnson NEA\NEA\C#\UI\Business_Types\Taxi\Taxi32.png
Taxi	C:\Users\Thom\Documents\sixth form\Computer science\Thom Johnson NEA\NEA\C#\UI\Business_Types\Taxi\Taxi34.png
Taxi	C:\Users\Thom\Documents\sixth form\Computer science\Thom Johnson NEA\NEA\C#\UI\Business_Types\Taxi\Taxi36.png
Taxi	C:\Users\Thom\Documents\sixth form\Computer science\Thom Johnson NEA\NEA\C#\UI\Business_Types\Taxi\Taxi40.png
Taxi	C:\Users\Thom\Documents\sixth form\Computer science\Thom Johnson NEA\NEA\C#\UI\Business_Types\Taxi\Taxi41.png
Taxi	C:\Users\Thom\Documents\sixth form\Computer science\Thom Johnson NEA\NEA\C#\UI\Business_Types\Taxi\Taxi42.png
Taxi	C:\Users\Thom\Documents\sixth form\Computer science\Thom Johnson NEA\NEA\C#\UI\Business_Types\Taxi\Taxi46.png
Taxi	C:\Users\Thom\Documents\sixth form\Computer science\Thom Johnson NEA\NEA\C#\UI\Business_Types\Taxi\Taxi47.png
Taxi	C:\Users\Thom\Documents\sixth form\Computer science\Thom Johnson NEA\NEA\C#\UI\Business_Types\Taxi\Taxi48.png
Taxi	C:\Users\Thom\Documents\sixth form\Computer science\Thom Johnson NEA\NEA\C#\UI\Business_Types\Taxi\Taxi52.png
Taxi	C:\Users\Thom\Documents\sixth form\Computer science\Thom Johnson NEA\NEA\C#\UI\Business_Types\Taxi\Taxi53.png
Taxi	C:\Users\Thom\Documents\sixth form\Computer science\Thom Johnson NEA\NEA\C#\UI\Business_Types\Taxi\Taxi56.png
Taxi	C:\Users\Thom\Documents\sixth form\Computer science\Thom Johnson NEA\NEA\C#\UI\Business_Types\Taxi\Taxi57.png
Taxi	C:\Users\Thom\Documents\sixth form\Computer science\Thom Johnson NEA\NEA\C#\UI\Business_Types\Taxi\Taxi59.png
Taxi	C:\Users\Thom\Documents\sixth form\Computer science\Thom Johnson NEA\NEA\C#\UI\Business_Types\Taxi\Taxi63.png
Taxi	C:\Users\Thom\Documents\sixth form\Computer science\Thom Johnson NEA\NEA\C#\UI\Business_Types\Taxi\Taxi64.png
Taxi	C:\Users\Thom\Documents\sixth form\Computer science\Thom Johnson NEA\NEA\C#\UI\Business_Types\Taxi\Taxi65.png
Taxi	C:\Users\Thom\Documents\sixth form\Computer science\Thom Johnson NEA\NEA\C#\UI\Business_Types\Taxi\Taxi66.png
Taxi	C:\Users\Thom\Documents\sixth form\Computer science\Thom Johnson NEA\NEA\C#\UI\Business_Types\Taxi\Taxi67.png
Taxi	C:\Users\Thom\Documents\sixth form\Computer science\Thom Johnson NEA\NEA\C#\UI\Business_Types\Taxi\Taxi68.png
Taxi	C:\Users\Thom\Documents\sixth form\Computer science\Thom Johnson NEA\NEA\C#\UI\Business_Types\Taxi\Taxi70.png
Taxi	C:\Users\Thom\Documents\sixth form\Computer science\Thom Johnson NEA\NEA\C#\UI\Business_Types\Taxi\Taxi72.png
Taxi	C:\Users\Thom\Documents\sixth form\Computer science\Thom Johnson NEA\NEA\C#\UI\Business_Types\Taxi\Taxi74.png
Taxi	C:\Users\Thom\Documents\sixth form\Computer science\Thom Johnson NEA\NEA\C#\UI\Business_Types\Taxi\Taxi75.png
Taxi	C:\Users\Thom\Documents\sixth form\Computer science\Thom Johnson NEA\NEA\C#\UI\Business_Types\Taxi\Taxi76.png
Taxi	C:\Users\Thom\Documents\sixth form\Computer science\Thom Johnson NEA\NEA\C#\UI\Business_Types\Taxi\Taxi77.png
